{"cameraMode":{"drawMode":0,"name":"Shaded","section":"Shading Mode"},"sceneLighting":true,"audioPlay":false,"sceneViewState":{"m_AlwaysRefresh":false,"showFog":true,"showSkybox":true,"showFlares":true,"showImageEffects":true,"showParticleSystems":true,"showVisualEffectGraphs":true,"m_FxEnabled":true},"in2DMode":false,"pivot":{"x":0.11965179443359375,"y":1.9819278717041016,"z":-1.7710132598876954},"rotation":{"x":-0.09884028136730194,"y":0.8970320224761963,"z":-0.25581949949264529,"w":-0.346583753824234},"size":15.44356632232666,"orthographic":false}